Country Name,Country Code,Year,Value,Working Age Population,Non-Working Age Population
Poland,POL,2023,36.685849,18.459647312606695,18.226201687393303
Czechia,CZE,2023,10.873689,6.271646274419214,4.6020427255807865
